time(s),vel(m/s),alt(km)
-268.48,6028.52782,1247.68717
-218,6058.72174,971.9116
-198,6071.82522,863.52387
-148,6104.38206,595.31406
-98,5732.95878,335.63113
-78,4225.74208,249.26093
-48,1344.79256,183.25367
-28,658.03774,166.63883
0,343.20156,155.84331